<?xml version="1.0" encoding="utf-8"?>
<manifest identifier="WVsa7LyxCOlKJ" xmlns="http://www.imsproject.org/xsd/imscp_rootv1p1p2" xmlns:adlcp="http://www.adlnet.org/xsd/adlcp_rootv1p2" xmlns:xsi="http://www.w3.org/2001/XMLSchema-instance" xmlns:lom="http://www.imsglobal.org/xsd/imsmd_rootv1p2p1" xsi:schemaLocation="http://www.imsproject.org/xsd/imscp_rootv1p1p2 imscp_rootv1p1p2.xsd http://www.imsglobal.org/xsd/imsmd_rootv1p2p1 imsmd_rootv1p2p1.xsd http://www.adlnet.org/xsd/adlcp_rootv1p2 adlcp_rootv1p2.xsd">
<metadata>
<schema>ADL SCORM</schema>
<schemaversion>1.2</schemaversion>
<lom:lom>
<lom:general>
<lom:title>
<lom:langstring>TV Basic 2018 - QD - CESMARTLEARNING</lom:langstring>
</lom:title>
</lom:general>
<lom:educational>
<lom:typicallearningtime>
<lom:datetime>01:00:00</lom:datetime>
</lom:typicallearningtime>
</lom:educational>
</lom:lom>
</metadata>
<organizations default="tv_basic_2018_-_qd_-_cesmartlearning_organization">
<organization identifier="tv_basic_2018_-_qd_-_cesmartlearning_organization">
<title>TV Basic 2018 - QD - CESMARTLEARNING</title>
<item identifier="item" identifierref="resource">
<title>TV Basic 2018 - QD - CESMARTLEARNING</title>
</item>
</organization>
</organizations>
<resources>
<resource identifier="resource" type="webcontent" adlcp:scormtype="sco" href="res/index.html">
<file href="res/index.html"/>
<file href="res/lms.js"/>
<file href="res/data/thmb1.png"/>
<file href="res/data/slide1.js"/>
<file href="res/data/slide1.css"/>
<file href="res/data/thmb2.png"/>
<file href="res/data/wo1/data/apple-touch-icon.png"/>
<file href="res/data/wo1/data/eraser.cur"/>
<file href="res/data/wo1/data/favicon.ico"/>
<file href="res/data/wo1/data/fnt0.ttf"/>
<file href="res/data/wo1/data/fnt0.woff"/>
<file href="res/data/wo1/data/fnt1.ttf"/>
<file href="res/data/wo1/data/fnt1.woff"/>
<file href="res/data/wo1/data/fnt2.ttf"/>
<file href="res/data/wo1/data/fnt2.woff"/>
<file href="res/data/wo1/data/fnt3.ttf"/>
<file href="res/data/wo1/data/fnt3.woff"/>
<file href="res/data/wo1/data/fnt4.ttf"/>
<file href="res/data/wo1/data/fnt4.woff"/>
<file href="res/data/wo1/data/fnt5.ttf"/>
<file href="res/data/wo1/data/fnt5.woff"/>
<file href="res/data/wo1/data/fnt6.ttf"/>
<file href="res/data/wo1/data/fnt6.woff"/>
<file href="res/data/wo1/data/fnt7.ttf"/>
<file href="res/data/wo1/data/fnt7.woff"/>
<file href="res/data/wo1/data/highlighter.cur"/>
<file href="res/data/wo1/data/html5-unsupported.html"/>
<file href="res/data/wo1/data/html5.png"/>
<file href="res/data/wo1/data/img0.png"/>
<file href="res/data/wo1/data/img1.jpg"/>
<file href="res/data/wo1/data/img2.png"/>
<file href="res/data/wo1/data/img3.png"/>
<file href="res/data/wo1/data/lock.cur"/>
<file href="res/data/wo1/data/marker.cur"/>
<file href="res/data/wo1/data/player.js"/>
<file href="res/data/wo1/data/scenario1/fnt1.ttf"/>
<file href="res/data/wo1/data/scenario1/fnt1.woff"/>
<file href="res/data/wo1/data/scenario1/fnt1b.ttf"/>
<file href="res/data/wo1/data/scenario1/fnt1b.woff"/>
<file href="res/data/wo1/data/scenario1/fnt1bi.ttf"/>
<file href="res/data/wo1/data/scenario1/fnt1bi.woff"/>
<file href="res/data/wo1/data/scenario1/fnt1i.ttf"/>
<file href="res/data/wo1/data/scenario1/fnt1i.woff"/>
<file href="res/data/wo1/data/scenario1/html5-unsupported.html"/>
<file href="res/data/wo1/data/scenario1/html5.png"/>
<file href="res/data/wo1/data/scenario1/img0.jpg"/>
<file href="res/data/wo1/data/scenario1/img1.png"/>
<file href="res/data/wo1/data/scenario1/img2.png"/>
<file href="res/data/wo1/data/scenario1/img3.png"/>
<file href="res/data/wo1/data/scenario1.js"/>
<file href="res/data/wo1/data/scenarioplayer.js"/>
<file href="res/data/wo1/data/thmb1.jpg"/>
<file href="res/data/wo1/index.html"/>
<file href="res/data/slide2.js"/>
<file href="res/data/slide2.css"/>
<file href="res/data/thmb3.png"/>
<file href="res/data/slide3.js"/>
<file href="res/data/slide3.css"/>
<file href="res/data/thmb4.png"/>
<file href="res/data/slide4.js"/>
<file href="res/data/slide4.css"/>
<file href="res/data/thmb5.png"/>
<file href="res/data/slide5.js"/>
<file href="res/data/slide5.css"/>
<file href="res/data/thmb6.png"/>
<file href="res/data/slide6.js"/>
<file href="res/data/slide6.css"/>
<file href="res/data/thmb7.png"/>
<file href="res/data/slide7.js"/>
<file href="res/data/slide7.css"/>
<file href="res/data/thmb8.png"/>
<file href="res/data/slide8.js"/>
<file href="res/data/slide8.css"/>
<file href="res/data/sound1.mp3"/>
<file href="res/data/sound2.mp3"/>
<file href="res/data/sound3.mp3"/>
<file href="res/data/sound4.mp3"/>
<file href="res/data/sound5.mp3"/>
<file href="res/index.html"/>
<file href="res/data/player.js"/>
<file href="res/data/eraser.cur"/>
<file href="res/data/highlighter.cur"/>
<file href="res/data/marker.cur"/>
<file href="res/data/lock.cur"/>
<file href="res/data/apple-touch-icon.png"/>
<file href="res/data/favicon.ico"/>
<file href="res/data/fnt0.ttf"/>
<file href="res/data/fnt0.woff"/>
<file href="res/data/fnt1.ttf"/>
<file href="res/data/fnt1.woff"/>
<file href="res/data/fnt2.ttf"/>
<file href="res/data/fnt2.woff"/>
<file href="res/data/fnt3.ttf"/>
<file href="res/data/fnt3.woff"/>
<file href="res/data/fnt4.ttf"/>
<file href="res/data/fnt4.woff"/>
<file href="res/data/fnt5.ttf"/>
<file href="res/data/fnt5.woff"/>
<file href="res/data/fnt6.ttf"/>
<file href="res/data/fnt6.woff"/>
<file href="res/data/fnt7.ttf"/>
<file href="res/data/fnt7.woff"/>
<file href="res/data/fnt8.ttf"/>
<file href="res/data/fnt8.woff"/>
<file href="res/data/html5-unsupported.html"/>
<file href="res/data/html5.png"/>
<file href="res/data/img0.png"/>
<file href="res/data/img1.png"/>
<file href="res/data/img10.png"/>
<file href="res/data/img11.png"/>
<file href="res/data/img12.png"/>
<file href="res/data/img13.png"/>
<file href="res/data/img14.png"/>
<file href="res/data/img15.png"/>
<file href="res/data/img16.png"/>
<file href="res/data/img17.jpg"/>
<file href="res/data/img18.png"/>
<file href="res/data/img19.png"/>
<file href="res/data/img2.png"/>
<file href="res/data/img20.png"/>
<file href="res/data/img21.png"/>
<file href="res/data/img22.png"/>
<file href="res/data/img23.png"/>
<file href="res/data/img24.png"/>
<file href="res/data/img25.png"/>
<file href="res/data/img26.png"/>
<file href="res/data/img27.png"/>
<file href="res/data/img28.png"/>
<file href="res/data/img29.png"/>
<file href="res/data/img3.png"/>
<file href="res/data/img30.png"/>
<file href="res/data/img31.png"/>
<file href="res/data/img32.png"/>
<file href="res/data/img33.png"/>
<file href="res/data/img34.png"/>
<file href="res/data/img35.png"/>
<file href="res/data/img36.png"/>
<file href="res/data/img37.png"/>
<file href="res/data/img38.jpg"/>
<file href="res/data/img39.png"/>
<file href="res/data/img4.png"/>
<file href="res/data/img40.png"/>
<file href="res/data/img41.png"/>
<file href="res/data/img42.png"/>
<file href="res/data/img43.png"/>
<file href="res/data/img44.png"/>
<file href="res/data/img45.png"/>
<file href="res/data/img46.png"/>
<file href="res/data/img47.png"/>
<file href="res/data/img48.png"/>
<file href="res/data/img49.png"/>
<file href="res/data/img5.png"/>
<file href="res/data/img50.png"/>
<file href="res/data/img51.png"/>
<file href="res/data/img52.png"/>
<file href="res/data/img53.png"/>
<file href="res/data/img54.png"/>
<file href="res/data/img55.png"/>
<file href="res/data/img56.png"/>
<file href="res/data/img57.png"/>
<file href="res/data/img58.png"/>
<file href="res/data/img59.png"/>
<file href="res/data/img6.png"/>
<file href="res/data/img60.png"/>
<file href="res/data/img61.png"/>
<file href="res/data/img62.png"/>
<file href="res/data/img63.png"/>
<file href="res/data/img64.png"/>
<file href="res/data/img65.png"/>
<file href="res/data/img66.png"/>
<file href="res/data/img67.png"/>
<file href="res/data/img68.png"/>
<file href="res/data/img69.png"/>
<file href="res/data/img7.png"/>
<file href="res/data/img70.png"/>
<file href="res/data/img71.jpg"/>
<file href="res/data/img72.jpg"/>
<file href="res/data/img73.jpg"/>
<file href="res/data/img74.jpg"/>
<file href="res/data/img8.png"/>
<file href="res/data/img9.png"/>
</resource>
</resources>
</manifest>
